"ProductID","DocumentNode","ModifiedDate"
317,j�,2013-12-29 13:51:58.103
318,j�,2013-12-29 13:51:58.103
319,j�,2013-12-29 13:51:58.103
506,z�,2013-12-29 13:51:58.103
506,{@,2013-12-29 13:51:58.103
514,| ,2013-12-29 13:51:58.120
515,| ,2013-12-29 13:51:58.120
516,| ,2013-12-29 13:51:58.120
517,| ,2013-12-29 13:51:58.120
518,| ,2013-12-29 13:51:58.120
519,| ,2013-12-29 13:51:58.120
520,| ,2013-12-29 13:51:58.120
521,| ,2013-12-29 13:51:58.120
522,| ,2013-12-29 13:51:58.120
928,j�,2013-12-29 13:51:58.103
929,j�,2013-12-29 13:51:58.103
930,j�,2013-12-29 13:51:58.103
931,j�,2013-12-29 13:51:58.103
932,j�,2013-12-29 13:51:58.103
933,j�,2013-12-29 13:51:58.103
934,j�,2013-12-29 13:51:58.103
935,{�,2013-12-29 13:51:58.103
936,{�,2013-12-29 13:51:58.103
937,{�,2013-12-29 13:51:58.103
938,{�,2013-12-29 13:51:58.103
939,{�,2013-12-29 13:51:58.103
940,{�,2013-12-29 13:51:58.103
941,{�,2013-12-29 13:51:58.103
977,Z�,2013-12-29 13:51:58.103
997,Z�,2013-12-29 13:51:58.103
998,Z�,2013-12-29 13:51:58.103
999,Z�,2013-12-29 13:51:58.120
